-- --------------------------------------------------------
-- Host:                         127.0.0.1
-- Versi server:                 10.1.31-MariaDB - mariadb.org binary distribution
-- OS Server:                    Win32
-- HeidiSQL Versi:               9.5.0.5196
-- --------------------------------------------------------

/*!40101 SET @OLD_CHARACTER_SET_CLIENT=@@CHARACTER_SET_CLIENT */;
/*!40101 SET NAMES utf8 */;
/*!50503 SET NAMES utf8mb4 */;
/*!40014 SET @OLD_FOREIGN_KEY_CHECKS=@@FOREIGN_KEY_CHECKS, FOREIGN_KEY_CHECKS=0 */;
/*!40101 SET @OLD_SQL_MODE=@@SQL_MODE, SQL_MODE='NO_AUTO_VALUE_ON_ZERO' */;


-- Membuang struktur basisdata untuk course
CREATE DATABASE IF NOT EXISTS `course` /*!40100 DEFAULT CHARACTER SET latin1 */;
USE `course`;

-- membuang struktur untuk table course.tb_comment
CREATE TABLE IF NOT EXISTS `tb_comment` (
  `id` int(11) NOT NULL AUTO_INCREMENT,
  `id_materi` int(11) NOT NULL,
  `id_user` int(11) NOT NULL,
  `pesan` varchar(200) NOT NULL,
  `created_at` datetime NOT NULL DEFAULT CURRENT_TIMESTAMP,
  `updated_at` datetime NOT NULL DEFAULT CURRENT_TIMESTAMP,
  PRIMARY KEY (`id`),
  KEY `id_materi` (`id_materi`),
  KEY `FK_tb_comment_users` (`id_user`),
  CONSTRAINT `FK_tb_comment_tb_materi` FOREIGN KEY (`id_materi`) REFERENCES `tb_materi` (`id`),
  CONSTRAINT `FK_tb_comment_users` FOREIGN KEY (`id_user`) REFERENCES `users` (`id`)
) ENGINE=InnoDB AUTO_INCREMENT=2 DEFAULT CHARSET=utf8;

-- Membuang data untuk tabel course.tb_comment: ~0 rows (lebih kurang)
/*!40000 ALTER TABLE `tb_comment` DISABLE KEYS */;
/*!40000 ALTER TABLE `tb_comment` ENABLE KEYS */;

-- membuang struktur untuk table course.tb_level
CREATE TABLE IF NOT EXISTS `tb_level` (
  `id` int(11) NOT NULL AUTO_INCREMENT,
  `level` int(11) DEFAULT NULL,
  `created_by` varchar(50) NOT NULL DEFAULT 'admin',
  `created_at` datetime NOT NULL DEFAULT CURRENT_TIMESTAMP,
  PRIMARY KEY (`id`)
) ENGINE=InnoDB AUTO_INCREMENT=4 DEFAULT CHARSET=latin1;

-- Membuang data untuk tabel course.tb_level: ~3 rows (lebih kurang)
/*!40000 ALTER TABLE `tb_level` DISABLE KEYS */;
INSERT INTO `tb_level` (`id`, `level`, `created_by`, `created_at`) VALUES
	(1, 1, 'admin', '2018-09-25 17:24:27'),
	(2, 2, 'admin', '2018-09-25 17:25:22'),
	(3, 3, 'admin', '2018-09-25 17:26:11');
/*!40000 ALTER TABLE `tb_level` ENABLE KEYS */;

-- membuang struktur untuk table course.tb_listening_group
CREATE TABLE IF NOT EXISTS `tb_listening_group` (
  `id` int(11) NOT NULL AUTO_INCREMENT,
  `audio` varchar(50) NOT NULL,
  PRIMARY KEY (`id`)
) ENGINE=InnoDB AUTO_INCREMENT=16 DEFAULT CHARSET=latin1;

-- Membuang data untuk tabel course.tb_listening_group: ~4 rows (lebih kurang)
/*!40000 ALTER TABLE `tb_listening_group` DISABLE KEYS */;
INSERT INTO `tb_listening_group` (`id`, `audio`) VALUES
	(11, 'sao2.mp3'),
	(12, 'sao2.mp3'),
	(13, 'sao2.mp3'),
	(14, 'sao2.mp3'),
	(15, 'sao2.mp3');
/*!40000 ALTER TABLE `tb_listening_group` ENABLE KEYS */;

-- membuang struktur untuk table course.tb_materi
CREATE TABLE IF NOT EXISTS `tb_materi` (
  `id` int(11) NOT NULL AUTO_INCREMENT,
  `judul_materi` varchar(50) DEFAULT NULL,
  `deskripsi` text,
  `type` char(1) DEFAULT NULL COMMENT '1:writing; 2:reading; 3:listening',
  `created_by` varchar(50) DEFAULT 'admin',
  `created_at` datetime DEFAULT CURRENT_TIMESTAMP ON UPDATE CURRENT_TIMESTAMP,
  `dilihat` int(11) NOT NULL DEFAULT '0',
  PRIMARY KEY (`id`)
) ENGINE=InnoDB AUTO_INCREMENT=15 DEFAULT CHARSET=latin1;

-- Membuang data untuk tabel course.tb_materi: ~3 rows (lebih kurang)
/*!40000 ALTER TABLE `tb_materi` DISABLE KEYS */;
INSERT INTO `tb_materi` (`id`, `judul_materi`, `deskripsi`, `type`, `created_by`, `created_at`, `dilihat`) VALUES
	(8, 'Passive voice', '<p style="margin-bottom: 25px; padding: 0px;" open="" sans",="" sans-serif;"=""><font color="#555555">Kalimat pasif atau passive voice digunakan untuk menunjukkan ketertarikan pada seseorang atau objek yang dikenai tindakan dan bukan seseorang atau objek yang melakukan tindakan. Jadi, hal atau orang yang terpenting akan menjadi subjek kalimat.</font></p><p style="margin-bottom: 25px; padding: 0px;" open="" sans",="" sans-serif;"=""><font color="#555555">CONTOH:s</font></p><p style="margin-bottom: 25px; padding: 0px;" open="" sans",="" sans-serif;"=""><span style="color: rgb(85, 85, 85);">- The passive voice is used frequently. (= kita tertarik dengan kalimat pasif, bukan siapa yang menggunakannya.)</span></p><p style="margin-bottom: 25px; padding: 0px;" open="" sans",="" sans-serif;"=""><font color="#555555">- The house was built in 1654. (= kita tertarik dengan rumahnya, bukan siapa yang membangunnya.)</font></p><p style="margin-bottom: 25px; padding: 0px;" open="" sans",="" sans-serif;"=""><font color="#555555">- The road is being repaired. (= kita tertarik dengan jalannya, bukan siapa yang melakukan perbaikan.)</font></p>', '1', 'admin', '2018-11-03 11:20:34', 9),
	(12, 'listening sub materi updatef', '&nbsp;updated listening sub materi', '3', 'admin', '2018-10-21 13:04:53', 3),
	(13, 'Active voice', 'Ini active voice', '1', 'admin', '2018-11-03 14:09:56', 4),
	(14, 'reading first', '<p>test materi reading,</p><p>ini digunakan untuk tes enter</p>', '2', 'admin', '2018-11-05 09:20:07', 7);
/*!40000 ALTER TABLE `tb_materi` ENABLE KEYS */;

-- membuang struktur untuk table course.tb_reading_group
CREATE TABLE IF NOT EXISTS `tb_reading_group` (
  `id` int(11) NOT NULL AUTO_INCREMENT,
  `bacaan` text,
  PRIMARY KEY (`id`)
) ENGINE=InnoDB AUTO_INCREMENT=7 DEFAULT CHARSET=latin1;

-- Membuang data untuk tabel course.tb_reading_group: ~1 rows (lebih kurang)
/*!40000 ALTER TABLE `tb_reading_group` DISABLE KEYS */;
INSERT INTO `tb_reading_group` (`id`, `bacaan`) VALUES
	(4, 'The most familiar speleothems (from the Greek word spelaion for the cave and thema for deposit), the decorative dripstone features found in caves, are stalactites and stalagmites. Stalactites hang downward from the ceiling of the cave and are formed as drop after drop of water slowly trickles through crack on the cave roof. Stalagmites grow upward from the floor of the cave, generally as a result of water dripping from an overhead stalactite. A column forms when a stalactite and a stalagmite grow until they join. A “curtain” or “drapery” begins to form on an inclined ceiling when drops of water trickle along a slope.\r\n\r\nNatural openings on the surface that lead to caves are called sinkholes. or swallow holes. Streams sometimes disappear down these holes and flow through the cavern. Rivers may flow from one mountain to another through a series of caves . Some caverns have sinkholes in their floors. Water often builds up a rim of dripstone around the edge of the hole. Dripping water often contains dissolved minerals as well as acid. These minerals too will be deposited; and they may give rich coloring to the deposits. If minerals in the water change, layers of different colors may be formed.'),
	(5, 'Horse owner who plan to breed one or more mares should have a working knowledge of heredity and know how to care for breeding animals and foals. The number of mares bred that actually conceive varies from about 40 to 85 percent, with the average running less than 50 percent. Some mares that do conceive fail to produce living foals. This means that, on average, two mares are kept a whole year to produce one foal, and even then, some foals are disappointments from the standpoint of quality.'),
	(6, 'generally as a result of water dripping from an overhead stalactite. A column forms when a stalactite and a stalagmite grow until they join. A “curtain” or “drapery” begins to form on an inclined ceiling when drops of water trickle along a slope. Natural openings on the surface that lead to caves are called sinkholes. or swallow holes. Streams sometimes disappear down these holes and flow through the cavern. Rivers may flow from one mountain to another through a series of caves . Some caverns have sinkholes in their floors. Water often builds up a rim of dripstone around the edge of the hole. Dripping water often contains dissolved');
/*!40000 ALTER TABLE `tb_reading_group` ENABLE KEYS */;

-- membuang struktur untuk table course.tb_save_level
CREATE TABLE IF NOT EXISTS `tb_save_level` (
  `id_siswa` varchar(50) NOT NULL,
  `level` int(11) NOT NULL,
  PRIMARY KEY (`id_siswa`)
) ENGINE=InnoDB DEFAULT CHARSET=latin1;

-- Membuang data untuk tabel course.tb_save_level: ~6 rows (lebih kurang)
/*!40000 ALTER TABLE `tb_save_level` DISABLE KEYS */;
INSERT INTO `tb_save_level` (`id_siswa`, `level`) VALUES
	('080394', 1);
/*!40000 ALTER TABLE `tb_save_level` ENABLE KEYS */;

-- membuang struktur untuk table course.tb_save_level_materi
CREATE TABLE IF NOT EXISTS `tb_save_level_materi` (
  `id_siswa` varchar(50) NOT NULL,
  `level` int(11) NOT NULL,
  PRIMARY KEY (`id_siswa`)
) ENGINE=InnoDB DEFAULT CHARSET=latin1;

-- Membuang data untuk tabel course.tb_save_level_materi: ~2 rows (lebih kurang)
/*!40000 ALTER TABLE `tb_save_level_materi` DISABLE KEYS */;
INSERT INTO `tb_save_level_materi` (`id_siswa`, `level`) VALUES
	('080394', 1);
/*!40000 ALTER TABLE `tb_save_level_materi` ENABLE KEYS */;

-- membuang struktur untuk table course.tb_siswa
CREATE TABLE IF NOT EXISTS `tb_siswa` (
  `nis` varchar(50) NOT NULL,
  `nama` varchar(50) DEFAULT NULL,
  `jenis_kelamin` char(1) DEFAULT NULL,
  `tgl_lahir` varchar(50) DEFAULT NULL,
  `alamat` varchar(50) DEFAULT NULL,
  `status` int(11) DEFAULT NULL COMMENT '0: tidak aktif ,1: aktif',
  `foto` varchar(50) DEFAULT NULL,
  PRIMARY KEY (`nis`)
) ENGINE=InnoDB DEFAULT CHARSET=latin1;

-- Membuang data untuk tabel course.tb_siswa: ~6 rows (lebih kurang)
/*!40000 ALTER TABLE `tb_siswa` DISABLE KEYS */;
INSERT INTO `tb_siswa` (`nis`, `nama`, `jenis_kelamin`, `tgl_lahir`, `alamat`, `status`, `foto`) VALUES
	('080394', 'rachmad', 'L', '2015-11-29', 'blaru', 1, '1541385130.png');
/*!40000 ALTER TABLE `tb_siswa` ENABLE KEYS */;

-- membuang struktur untuk table course.tb_skor
CREATE TABLE IF NOT EXISTS `tb_skor` (
  `id` int(11) NOT NULL AUTO_INCREMENT,
  `id_siswa` varchar(50) DEFAULT NULL,
  `skor` int(11) DEFAULT NULL,
  `level` int(11) DEFAULT NULL,
  `created_at` datetime NOT NULL DEFAULT CURRENT_TIMESTAMP ON UPDATE CURRENT_TIMESTAMP,
  PRIMARY KEY (`id`)
) ENGINE=InnoDB AUTO_INCREMENT=78 DEFAULT CHARSET=latin1;

-- Membuang data untuk tabel course.tb_skor: ~17 rows (lebih kurang)
/*!40000 ALTER TABLE `tb_skor` DISABLE KEYS */;
/*!40000 ALTER TABLE `tb_skor` ENABLE KEYS */;

-- membuang struktur untuk table course.tb_skor_materi
CREATE TABLE IF NOT EXISTS `tb_skor_materi` (
  `id` int(11) NOT NULL AUTO_INCREMENT,
  `id_siswa` varchar(50) DEFAULT NULL,
  `skor` int(11) DEFAULT NULL,
  `level` int(11) DEFAULT NULL,
  `created_at` datetime NOT NULL DEFAULT CURRENT_TIMESTAMP ON UPDATE CURRENT_TIMESTAMP,
  PRIMARY KEY (`id`)
) ENGINE=InnoDB AUTO_INCREMENT=82 DEFAULT CHARSET=latin1;

-- Membuang data untuk tabel course.tb_skor_materi: ~0 rows (lebih kurang)
/*!40000 ALTER TABLE `tb_skor_materi` DISABLE KEYS */;
INSERT INTO `tb_skor_materi` (`id`, `id_siswa`, `skor`, `level`, `created_at`) VALUES
	(81, '080394', 75, 1, '2018-11-05 09:46:07');
/*!40000 ALTER TABLE `tb_skor_materi` ENABLE KEYS */;

-- membuang struktur untuk table course.tb_soal
CREATE TABLE IF NOT EXISTS `tb_soal` (
  `id` int(11) NOT NULL AUTO_INCREMENT,
  `pertanyaan` varchar(500) DEFAULT NULL,
  `pilihan_a` varchar(200) DEFAULT NULL,
  `pilihan_b` varchar(200) DEFAULT NULL,
  `pilihan_c` varchar(200) DEFAULT NULL,
  `pilihan_d` varchar(200) DEFAULT NULL,
  `kunci_jawaban` varchar(50) DEFAULT NULL,
  `level` int(11) DEFAULT NULL,
  `type` int(11) DEFAULT NULL COMMENT '1:writing; 2:reading; 3:listening',
  `id_audio` int(11) DEFAULT NULL,
  `id_bacaan` int(11) DEFAULT NULL,
  PRIMARY KEY (`id`),
  KEY `FK_tb_soal_tb_listening_group` (`id_audio`),
  KEY `FK_tb_soal_tb_reading_group` (`id_bacaan`),
  CONSTRAINT `FK_tb_soal_tb_listening_group` FOREIGN KEY (`id_audio`) REFERENCES `tb_listening_group` (`id`),
  CONSTRAINT `FK_tb_soal_tb_reading_group` FOREIGN KEY (`id_bacaan`) REFERENCES `tb_reading_group` (`id`)
) ENGINE=InnoDB AUTO_INCREMENT=38 DEFAULT CHARSET=latin1;

-- Membuang data untuk tabel course.tb_soal: ~13 rows (lebih kurang)
/*!40000 ALTER TABLE `tb_soal` DISABLE KEYS */;
INSERT INTO `tb_soal` (`id`, `pertanyaan`, `pilihan_a`, `pilihan_b`, `pilihan_c`, `pilihan_d`, `kunci_jawaban`, `level`, `type`, `id_audio`, `id_bacaan`) VALUES
	(17, 'Who is kirito?', 'actor', 'actriss', 'killer', 'other', 'A', 1, 3, 13, NULL),
	(19, 'Can you see the book?', 'yes I can', 'no I cant', 'yes i do', 'no I dont', 'A', 1, 1, NULL, NULL),
	(28, 'Can you see the rainbow?', 'no', 'yes', 'yes i can', 'no i cant', 'D', 2, 1, NULL, NULL),
	(29, 'Stalagmites are formed by …', 'drops of water which enter through cracks in the ceiling.', 'underground rivers which flow through the cave.', 'water dripping from an overhead stalactite.', 'water which trickles down a slope.', 'A', 1, 2, NULL, 4),
	(30, 'An “inclined ceiling” is one which …', 'is straight.', 'is crooked.', 'is slanted.', 'is wet.', 'A', 1, 2, NULL, 4),
	(31, 'Which speleothem grows upward from the floor?', 'Stalagmites', 'Stalactites', 'Sinkholes', 'Curtains', 'A', 1, 2, NULL, 4),
	(32, 'Sinkholes are …', 'the decorative dripstone features found in caves.', 'natural openings on the surface that lead to caves.', 'colorful layers of mineral deposits.', 'None of the above', 'A', 1, 2, NULL, 4),
	(33, 'Can you make me smile?', 'Yes I can', 'No, I can', 'Yes I cant', 'Yes I do', 'A', 1, 1, NULL, NULL),
	(34, 'Can you see me?', 'No, I dont', 'Yes I do', 'Yes, I can', 'No, I\'m not', 'C', 1, 1, NULL, NULL),
	(35, 'Which of the following was NOT a characteristic of the Great Horse of the Middle Ages?', 'Largesize', 'Swiftness', 'Strength', 'Cold-bloodedness', 'A', 1, 2, NULL, 5),
	(36, 'Which of the following is not an example of an Eastern stallion?', 'Byerly Turk', 'Darley Arabian', 'Thoroughbred', 'Godolphin Barb', 'A', 1, 2, NULL, 5),
	(37, 'she is girl?', 'yes', 'no', 'yes i can', 'no i can', 'A', 1, 2, NULL, 6);
/*!40000 ALTER TABLE `tb_soal` ENABLE KEYS */;

-- membuang struktur untuk table course.tb_tenses
CREATE TABLE IF NOT EXISTS `tb_tenses` (
  `id` int(11) NOT NULL AUTO_INCREMENT,
  `nama_tenses` varchar(50) DEFAULT NULL,
  `deskripsi` text,
  PRIMARY KEY (`id`)
) ENGINE=InnoDB AUTO_INCREMENT=8 DEFAULT CHARSET=latin1;

-- Membuang data untuk tabel course.tb_tenses: ~3 rows (lebih kurang)
/*!40000 ALTER TABLE `tb_tenses` DISABLE KEYS */;
INSERT INTO `tb_tenses` (`id`, `nama_tenses`, `deskripsi`) VALUES
	(5, 'Simple Perfect Tense', '<p style="font-family: " source="" sans="" pro",="" sans-serif;="" font-size:="" 18px;="" color:="" rgb(0,="" 0,="" 0);="" text-align:="" justify;"=""><span style="color: rgb(255, 102, 0);"><span style="font-weight: 700;">Kalimat Verball</span></span></p><p style="font-family: " source="" sans="" pro",="" sans-serif;="" font-size:="" 18px;="" color:="" rgb(0,="" 0,="" 0);="" text-align:="" justify;"=""><span style="font-weight: 700;">Catatan:</span>&nbsp;Present Perfect tense dibentuk dengan auxiliary verb “<em>have / has</em>” dan past participle (verb-3). Has digunakan untuk subjek (<em>She, He, It</em>) dan have digunakan untuk subjek (<em>I, you, we, they</em>) . Sedangkan&nbsp;<em>past participle</em>&nbsp;yang digunakan dapat berupa irregular atau regular verb.</p><p style="font-family: " source="" sans="" pro",="" sans-serif;="" font-size:="" 18px;="" color:="" rgb(0,="" 0,="" 0);="" text-align:="" justify;"="">Rumus Past Perfect untuk kalimat positif, negatif, dan kalimat tanya.</p><p style="font-family: " source="" sans="" pro",="" sans-serif;="" font-size:="" 18px;="" color:="" rgb(0,="" 0,="" 0);="" text-align:="" justify;"=""><span style="color: rgb(0, 128, 0);"><span style="font-weight: 700;">1. Kalimat Positif</span></span></p><p style="font-family: " source="" sans="" pro",="" sans-serif;="" font-size:="" 18px;="" color:="" rgb(0,="" 0,="" 0);="" text-align:="" justify;"=""><span style="font-weight: 700;">S + have / has + Past participle</span></p><p style="font-family: " source="" sans="" pro",="" sans-serif;="" font-size:="" 18px;="" color:="" rgb(0,="" 0,="" 0);="" text-align:="" justify;"="">Contoh :&nbsp;<em>She has worked in the hospital for six years</em></p><p style="font-family: " source="" sans="" pro",="" sans-serif;="" font-size:="" 18px;="" color:="" rgb(0,="" 0,="" 0);="" text-align:="" justify;"="">&nbsp;&nbsp;&nbsp;&nbsp;&nbsp;&nbsp;&nbsp;&nbsp;&nbsp;&nbsp;&nbsp;&nbsp;<em>&nbsp;&nbsp;&nbsp;&nbsp;&nbsp; I have fixed my computer</em></p><p style="font-family: " source="" sans="" pro",="" sans-serif;="" font-size:="" 18px;="" color:="" rgb(0,="" 0,="" 0);="" text-align:="" justify;"=""><span style="color: rgb(0, 128, 0);"><span style="font-weight: 700;">2. Kalimat Negatif</span></span></p><p style="font-family: " source="" sans="" pro",="" sans-serif;="" font-size:="" 18px;="" color:="" rgb(0,="" 0,="" 0);="" text-align:="" justify;"=""><span style="font-weight: 700;">S + have / has + not + Past participle</span></p><p style="font-family: " source="" sans="" pro",="" sans-serif;="" font-size:="" 18px;="" color:="" rgb(0,="" 0,="" 0);="" text-align:="" justify;"="">Contoh :&nbsp;<em>She hasn’t worked in the hospital.</em></p><p style="font-family: " source="" sans="" pro",="" sans-serif;="" font-size:="" 18px;="" color:="" rgb(0,="" 0,="" 0);="" text-align:="" justify;"=""><em>&nbsp;&nbsp;&nbsp;&nbsp;&nbsp;&nbsp;&nbsp;&nbsp;&nbsp;&nbsp;&nbsp;&nbsp;&nbsp;&nbsp;&nbsp;&nbsp;&nbsp; I have not fixed my computer.</em></p><p style="font-family: " source="" sans="" pro",="" sans-serif;="" font-size:="" 18px;="" color:="" rgb(0,="" 0,="" 0);="" text-align:="" justify;"=""><span style="font-weight: 700;"><span style="color: rgb(0, 128, 0);">3. Kalimat Tanya</span></span></p><p style="font-family: " source="" sans="" pro",="" sans-serif;="" font-size:="" 18px;="" color:="" rgb(0,="" 0,="" 0);="" text-align:="" justify;"=""><span style="font-weight: 700;">Have / has &nbsp;+ S + Past participle</span></p><p style="font-family: " source="" sans="" pro",="" sans-serif;="" font-size:="" 18px;="" color:="" rgb(0,="" 0,="" 0);="" text-align:="" justify;"="">Contoh :&nbsp;&nbsp;<em>Has she worked in the hospital for six years?</em></p><p style="font-family: " source="" sans="" pro",="" sans-serif;="" font-size:="" 18px;="" color:="" rgb(0,="" 0,="" 0);="" text-align:="" justify;"=""><em>&nbsp;&nbsp;&nbsp;&nbsp;&nbsp;&nbsp;&nbsp;&nbsp;&nbsp;&nbsp;&nbsp;&nbsp;&nbsp;&nbsp;&nbsp;&nbsp;&nbsp;&nbsp; Have I fixed my computer?</em></p><p><em><br></em></p>'),
	(6, 'Simple Present Tense', 'ini tes updated'),
	(7, 'test tenses', 'ini test tenses');
/*!40000 ALTER TABLE `tb_tenses` ENABLE KEYS */;

-- membuang struktur untuk table course.tb_type
CREATE TABLE IF NOT EXISTS `tb_type` (
  `id` int(11) NOT NULL AUTO_INCREMENT,
  `type` int(11) NOT NULL DEFAULT '0',
  `deskripsi` varchar(50) NOT NULL DEFAULT '0',
  PRIMARY KEY (`id`)
) ENGINE=InnoDB AUTO_INCREMENT=4 DEFAULT CHARSET=latin1;

-- Membuang data untuk tabel course.tb_type: ~3 rows (lebih kurang)
/*!40000 ALTER TABLE `tb_type` DISABLE KEYS */;
INSERT INTO `tb_type` (`id`, `type`, `deskripsi`) VALUES
	(1, 1, 'writing'),
	(2, 2, 'reading'),
	(3, 3, 'listening');
/*!40000 ALTER TABLE `tb_type` ENABLE KEYS */;

-- membuang struktur untuk table course.tb_vocab
CREATE TABLE IF NOT EXISTS `tb_vocab` (
  `id` int(11) NOT NULL AUTO_INCREMENT,
  `bentuk_dasar` varchar(50) DEFAULT NULL,
  `past_simple` varchar(50) DEFAULT NULL,
  `past_participle` varchar(50) DEFAULT NULL,
  `arti` varchar(50) DEFAULT NULL,
  PRIMARY KEY (`id`)
) ENGINE=InnoDB AUTO_INCREMENT=3 DEFAULT CHARSET=latin1;

-- Membuang data untuk tabel course.tb_vocab: ~1 rows (lebih kurang)
/*!40000 ALTER TABLE `tb_vocab` DISABLE KEYS */;
INSERT INTO `tb_vocab` (`id`, `bentuk_dasar`, `past_simple`, `past_participle`, `arti`) VALUES
	(2, 'begin', 'began', 'begun', 'mulai');
/*!40000 ALTER TABLE `tb_vocab` ENABLE KEYS */;

-- membuang struktur untuk table course.users
CREATE TABLE IF NOT EXISTS `users` (
  `id` int(11) NOT NULL AUTO_INCREMENT,
  `role_id` int(11) NOT NULL,
  `username` varchar(64) NOT NULL,
  `password` varchar(60) NOT NULL,
  `last_login` datetime DEFAULT NULL,
  `created_at` datetime DEFAULT CURRENT_TIMESTAMP,
  `updated_at` datetime DEFAULT CURRENT_TIMESTAMP,
  PRIMARY KEY (`id`)
) ENGINE=InnoDB AUTO_INCREMENT=17 DEFAULT CHARSET=latin1;

-- Membuang data untuk tabel course.users: ~7 rows (lebih kurang)
/*!40000 ALTER TABLE `users` DISABLE KEYS */;
INSERT INTO `users` (`id`, `role_id`, `username`, `password`, `last_login`, `created_at`, `updated_at`) VALUES
	(10, 1, 'admin', '$2y$11$xI1CVMHb8kLoU8NqI7W9SeuQ76UnYIUIgq9MxqLcSEwTOzqTfTTnS', NULL, '2018-09-29 13:31:07', '2018-09-29 13:31:07'),
	(16, 2, '080394', '$2y$11$MFac.Qk/IJn2PMF9C3JZf.qNdCqsZyGtyPUaSPOV8jI2HvVukRc6u', NULL, '2018-11-05 09:32:10', '2018-11-05 09:32:10');
/*!40000 ALTER TABLE `users` ENABLE KEYS */;

/*!40101 SET SQL_MODE=IFNULL(@OLD_SQL_MODE, '') */;
/*!40014 SET FOREIGN_KEY_CHECKS=IF(@OLD_FOREIGN_KEY_CHECKS IS NULL, 1, @OLD_FOREIGN_KEY_CHECKS) */;
/*!40101 SET CHARACTER_SET_CLIENT=@OLD_CHARACTER_SET_CLIENT */;
